<?xml version="1.0" encoding="UTF-8" standalone="true"?>
<FileZilla3>
    <Servers>
        <Server>
            <Host>ftp.royalsuccessbookofrecords.com</Host>
            <Port>21</Port>
            <Protocol>0</Protocol>
            <Type>0</Type>
            <User>admin@royalsuccessbookofrecords.com</User>
            <Logontype>2</Logontype>
            <TimezoneOffset>0</TimezoneOffset>
            <PasvMode>MODE_DEFAULT</PasvMode>
            <MaximumMultipleConnections>0</MaximumMultipleConnections>
            <EncodingType>Auto</EncodingType>
            <BypassProxy>0</BypassProxy>
            <Name>ftp.royalsuccessbookofrecords.com</Name>
            <Comments/>
            <LocalDir/>
            <RemoteDir/>
            <SyncBrowsing>0</SyncBrowsing>
            ftp.royalsuccessbookofrecords.com
        </Server>
    </Servers>
</FileZilla3>
