<configuration xmlns="http://logging.apache.org/log4php/">
    <appender name="myAppender" class="LoggerAppenderFile">
         <layout class="LoggerLayoutPattern">
            <param name="conversionPattern" value="%date{l jS F Y h:i:s A} [%level] ::: [%logger]  %message %newline" />
        </layout>
        <param name="file" value="../../../logs/mylocalhook.log" />
    </appender>
    <root>
        <level value="INFO" />
        <appender_ref ref="myAppender" />
    </root>
</configuration>