{ 
  "W001": { "english":"Missing profile Picture" },
  "W002": { "english":"Missing Member Name" },
  "W003": { "english":"Missing Member Role" },
  "W004": { "english":"Missing Member Description" },
  "W005": { "english":"Please Select Background-color for Panel Board Member" },
  "W006": { "english":"Missing News Feed Image" },
  "W007": { "english":"Missing News Feed Title" },
  "W008": { "english":"Missing News Feed Description" },
  "W009": { "english":"Missing Customer Name" },
  "W010": { "english":"Missing Mobile Number" },
  "W011": { "english":"Invalid Mobile Number" },
  "W012": { "english":"Mobile Number not Registered. Please Register." },
  "W013": { "english":"Missing OTPCode" },
  "W014": { "english":"Invalid OTPCode" },
  "W015": { "english":"Missing Account Password" },
  "W016": { "english":"Missing Confirm Account Password" },
  "W017": { "english":"Invalid Account Password" },
  "W018": { "english":"Account Password and Confirm Account Password doesn't matched" },
  "W019": { "english":"Mobile Number already Registered. Please login." },
  "W020": { "english":"Account Password should be atleast 6 characters." },
  "W021": { "english":"Mobile Number or Password is wrong." },
  "W022": { "english":"Missing Record Title" },
  "W023": { "english":"Missing Record Description" },
  "W024": { "english":"Missing Application File" },
  "W025": { "english":"Missing Username" },
  "W026": { "english":"Username and Password doesn't match." }
  
}